gsm	title	patient_id	diagnosis	tissue	analysis_group	pair_status	paper_final_set	paper_group	paper_exclusion_reason	paired_pca_sensitivity	srx	run	biosample	library_strategy	library_selection	library_source	library_layout	platform	model	spots	bases	avg_length	size_mb	source_name	age	psa	gleason_sum	primary_gleason	secondary_gleason	extraprostatic_invasion	population	review_flag
GSM2361279	CP1	C1	prostate cancer	tumorous prostate tissue	pca_tumor	paired	yes	tumor		yes	SRX2270630	SRR4453783	SAMN05945227	RNA-Seq	cDNA	TRANSCRIPTOMIC	SINGLE	ION_TORRENT	Ion Torrent Proton	14930696	1719924093	115	1269	tumorous prostate tissue, PCa patient	60	10	7	3	4	no	Russian	
GSM2361280	CN1	C1	prostate cancer	normal prostate tissue	pca_adjacent_normal	paired	yes	control		yes	SRX2270631	SRR4453784	SAMN05945226	RNA-Seq	cDNA	TRANSCRIPTOMIC	SINGLE	ION_TORRENT	Ion Torrent Proton	15507193	1724430480	111	1276	normal prostate tissue, PCa patient	60	10	7	3	4	no	Russian	
GSM2361281	CP2	C2	prostate cancer	tumorous prostate tissue	pca_tumor	unpaired	yes	tumor		no	SRX2270632	SRR4453785	SAMN05945257	RNA-Seq	cDNA	TRANSCRIPTOMIC	SINGLE	ION_TORRENT	Ion Torrent Proton	8178966	954272825	116	713	tumorous prostate tissue, PCa patient	55	13.5	7	4	3	yes	Russian	GEO PSA=13.5 differs from paper Table 1 PSA=8.6
GSM2361282	CP3	C3	prostate cancer	tumorous prostate tissue	pca_tumor	paired	yes	tumor		yes	SRX2270633	SRR4453786	SAMN05945256	RNA-Seq	cDNA	TRANSCRIPTOMIC	SINGLE	ION_TORRENT	Ion Torrent Proton	9187125	1177167972	128	880	tumorous prostate tissue, PCa patient	55	19	8	4	4	no	Russian	
GSM2361283	CN3	C3	prostate cancer	normal prostate tissue	pca_adjacent_normal	paired	yes	control		yes	SRX2270634	SRR4453787	SAMN05945255	RNA-Seq	cDNA	TRANSCRIPTOMIC	SINGLE	ION_TORRENT	Ion Torrent Proton	9224656	1104225728	119	825	normal prostate tissue, PCa patient	55	19	8	4	4	no	Russian	
GSM2361284	CP5	C5	prostate cancer	tumorous prostate tissue	pca_tumor	paired	no	excluded	pair excluded: CN5 section contained substantial seminal vesicle tissue	no	SRX2270635	SRR4453788	SAMN05945254	RNA-Seq	cDNA	TRANSCRIPTOMIC	SINGLE	ION_TORRENT	Ion Torrent Proton	11691480	1162275084	99	861	tumorous prostate tissue, PCa patient	59	5	6	3	3	no	Russian	
GSM2361285	CN5	C5	prostate cancer	normal prostate tissue	pca_adjacent_normal	paired	no	excluded	pair excluded: CN5 section contained substantial seminal vesicle tissue	no	SRX2270636	SRR4453789	SAMN05945253	RNA-Seq	cDNA	TRANSCRIPTOMIC	SINGLE	ION_TORRENT	Ion Torrent Proton	9919901	974322051	98	720	normal prostate tissue, PCa patient	59	5	6	3	3	no	Russian	
GSM2361286	CP6	C6	prostate cancer	tumorous prostate tissue	pca_tumor	paired	no	excluded	pair excluded: tumor section contained very small tumor fraction and high normal-tissue contribution	no	SRX2270637	SRR4453790	SAMN05945252	RNA-Seq	cDNA	TRANSCRIPTOMIC	SINGLE	ION_TORRENT	Ion Torrent Proton	7190530	805693810	112	598	tumorous prostate tissue, PCa patient	69	15.3	5	3	2	no	Russian	
GSM2361287	CN6	C6	prostate cancer	normal prostate tissue	pca_adjacent_normal	paired	no	excluded	pair excluded because counterpart CP6 had insufficient tumor fraction	no	SRX2270638	SRR4453791	SAMN05945251	RNA-Seq	cDNA	TRANSCRIPTOMIC	SINGLE	ION_TORRENT	Ion Torrent Proton	6556295	708952040	108	526	normal prostate tissue, PCa patient	69	15.3	5	3	2	no	Russian	
GSM2361288	CP7	C7	prostate cancer	tumorous prostate tissue	pca_tumor	paired	no	excluded	pair excluded: tumor section contained very small tumor fraction and high normal-tissue contribution	no	SRX2270639	SRR4453792	SAMN05945250	RNA-Seq	cDNA	TRANSCRIPTOMIC	SINGLE	ION_TORRENT	Ion Torrent Proton	19192515	1951601066	101	1464	tumorous prostate tissue, PCa patient	57	16.6	9	4	5	yes	Russian	
GSM2361289	CN7	C7	prostate cancer	normal prostate tissue	pca_adjacent_normal	paired	no	excluded	pair excluded because counterpart CP7 had insufficient tumor fraction	no	SRX2270640	SRR4453793	SAMN05945249	RNA-Seq	cDNA	TRANSCRIPTOMIC	SINGLE	ION_TORRENT	Ion Torrent Proton	19289560	2014973547	104	1512	normal prostate tissue, PCa patient	57	16.6	9	4	5	yes	Russian	
GSM2361290	CP8	C8	prostate cancer	tumorous prostate tissue	pca_tumor	paired	yes	tumor		yes	SRX2270641	SRR4453794	SAMN05945248	RNA-Seq	cDNA	TRANSCRIPTOMIC	SINGLE	ION_TORRENT	Ion Torrent Proton	7577751	783071981	103	581	tumorous prostate tissue, PCa patient	69	5.3	7	3	4	yes	Russian	
GSM2361291	CN8	C8	prostate cancer	normal prostate tissue	pca_adjacent_normal	paired	yes	control		yes	SRX2270642	SRR4453795	SAMN05945247	RNA-Seq	cDNA	TRANSCRIPTOMIC	SINGLE	ION_TORRENT	Ion Torrent Proton	8161262	789247861	96	587	normal prostate tissue, PCa patient	69	5.3	7	3	4	yes	Russian	
GSM2361292	CP9	C9	prostate cancer	tumorous prostate tissue	pca_tumor	paired	no	excluded	pair excluded: tumor/normal regions could not be cleanly separated because of infiltrative growth	no	SRX2270643	SRR4453796	SAMN05945246	RNA-Seq	cDNA	TRANSCRIPTOMIC	SINGLE	ION_TORRENT	Ion Torrent Proton	9592003	1041475705	108	776	tumorous prostate tissue, PCa patient	67	5.6	7	4	3	no	Russian	
GSM2361293	CN9	C9	prostate cancer	normal prostate tissue	pca_adjacent_normal	paired	no	excluded	pair excluded: tumor/normal regions could not be cleanly separated because of infiltrative growth	no	SRX2270644	SRR4453797	SAMN05945245	RNA-Seq	cDNA	TRANSCRIPTOMIC	SINGLE	ION_TORRENT	Ion Torrent Proton	6953829	834158406	119	621	normal prostate tissue, PCa patient	67	5.6	7	4	3	no	Russian	
GSM2361294	CP10	C10	prostate cancer	tumorous prostate tissue	pca_tumor	paired	no	excluded	pair excluded: tumor section contained a substantial area of normal tissue	no	SRX2270645	SRR4453798	SAMN05945244	RNA-Seq	cDNA	TRANSCRIPTOMIC	SINGLE	ION_TORRENT	Ion Torrent Proton	8019781	830731174	103	615	tumorous prostate tissue, PCa patient	56	15	7	4	3	no	Russian	
GSM2361295	CN10	C10	prostate cancer	normal prostate tissue	pca_adjacent_normal	paired	no	excluded	pair excluded because counterpart CP10 contained substantial normal tissue	no	SRX2270646	SRR4453799	SAMN05945243	RNA-Seq	cDNA	TRANSCRIPTOMIC	SINGLE	ION_TORRENT	Ion Torrent Proton	8363379	881364779	105	654	normal prostate tissue, PCa patient	56	15	7	4	3	no	Russian	
GSM2361296	CP11	C11	prostate cancer	tumorous prostate tissue	pca_tumor	paired	yes	tumor		yes	SRX2270647	SRR4453800	SAMN05945242	RNA-Seq	cDNA	TRANSCRIPTOMIC	SINGLE	ION_TORRENT	Ion Torrent Proton	13421235	1375930140	102	1022	tumorous prostate tissue, PCa patient	48	7.8	6	3	3	no	Russian	
GSM2361297	CN11	C11	prostate cancer	normal prostate tissue	pca_adjacent_normal	paired	yes	control		yes	SRX2270648	SRR4453801	SAMN05945241	RNA-Seq	cDNA	TRANSCRIPTOMIC	SINGLE	ION_TORRENT	Ion Torrent Proton	12990245	1313534293	101	977	normal prostate tissue, PCa patient	48	7.8	6	3	3	no	Russian	
GSM2361298	CP12	C12	prostate cancer	tumorous prostate tissue	pca_tumor	paired	yes	tumor		yes	SRX2270649	SRR4453802	SAMN05945240	RNA-Seq	cDNA	TRANSCRIPTOMIC	SINGLE	ION_TORRENT	Ion Torrent Proton	13469882	1565703576	116	1162	tumorous prostate tissue, PCa patient	67	6.6	5	3	2	yes	Russian	
GSM2361299	CN12	C12	prostate cancer	normal prostate tissue	pca_adjacent_normal	paired	yes	control		yes	SRX2270650	SRR4453803	SAMN05945239	RNA-Seq	cDNA	TRANSCRIPTOMIC	SINGLE	ION_TORRENT	Ion Torrent Proton	13505975	1542314035	114	1146	normal prostate tissue, PCa patient	67	6.6	5	3	2	yes	Russian	
GSM2361300	CP13	C13	prostate cancer	tumorous prostate tissue	pca_tumor	paired	yes	tumor		yes	SRX2270651	SRR4453804	SAMN05945238	RNA-Seq	cDNA	TRANSCRIPTOMIC	SINGLE	ION_TORRENT	Ion Torrent Proton	5575676	636998025	114	472	tumorous prostate tissue, PCa patient	73	3.9	7	4	3	no	Russian	
GSM2361301	CN13	C13	prostate cancer	normal prostate tissue	pca_adjacent_normal	paired	yes	control		yes	SRX2270652	SRR4453805	SAMN05945237	RNA-Seq	cDNA	TRANSCRIPTOMIC	SINGLE	ION_TORRENT	Ion Torrent Proton	6101145	703428813	115	522	normal prostate tissue, PCa patient	73	3.9	7	4	3	no	Russian	
GSM2361302	CP14	C14	prostate cancer	tumorous prostate tissue	pca_tumor	paired	yes	tumor		yes	SRX2270653	SRR4453806	SAMN05945236	RNA-Seq	cDNA	TRANSCRIPTOMIC	SINGLE	ION_TORRENT	Ion Torrent Proton	7547031	757013279	100	562	tumorous prostate tissue, PCa patient	50	12	7	3	4	no	Russian	
GSM2361303	CN14	C14	prostate cancer	normal prostate tissue	pca_adjacent_normal	paired	yes	control		yes	SRX2270654	SRR4453807	SAMN05945235	RNA-Seq	cDNA	TRANSCRIPTOMIC	SINGLE	ION_TORRENT	Ion Torrent Proton	8140297	755790840	92	564	normal prostate tissue, PCa patient	50	12	7	3	4	no	Russian	
GSM2361304	CP15	C15	prostate cancer	tumorous prostate tissue	pca_tumor	paired	yes	tumor		yes	SRX2270655	SRR4453808	SAMN05945234	RNA-Seq	cDNA	TRANSCRIPTOMIC	SINGLE	ION_TORRENT	Ion Torrent Proton	13001889	1419320164	109	1054	tumorous prostate tissue, PCa patient	67	6.1	6	3	3	no	Russian	
GSM2361305	CN15	C15	prostate cancer	normal prostate tissue	pca_adjacent_normal	paired	yes	control		yes	SRX2270656	SRR4453809	SAMN05945233	RNA-Seq	cDNA	TRANSCRIPTOMIC	SINGLE	ION_TORRENT	Ion Torrent Proton	12279441	1352547267	110	1002	normal prostate tissue, PCa patient	67	6.1	6	3	3	no	Russian	
GSM2361306	BP1	B1	benign prostatic hyperplasia	adenomatous prostate tissue	bph_adenoma	paired	yes	control		no	SRX2270657	SRR4453810	SAMN05945232	RNA-Seq	cDNA	TRANSCRIPTOMIC	SINGLE	ION_TORRENT	Ion Torrent Proton	14886947	1670615903	112	1239	adenomatous prostate tissue, BPH patient	67	1.5	not applicable	not applicable	not applicable	no	Russian	
GSM2361307	BN1	B1	benign prostatic hyperplasia	normal prostate tissue	bph_normal	paired	yes	control		no	SRX2270658	SRR4453811	SAMN05945231	RNA-Seq	cDNA	TRANSCRIPTOMIC	SINGLE	ION_TORRENT	Ion Torrent Proton	14563998	1584530531	108	1178	normal prostate tissue, BPH patient	67	1.5	not applicable	not applicable	not applicable	no	Russian	
GSM2361308	BP2	B2	benign prostatic hyperplasia	adenomatous prostate tissue	bph_adenoma	unpaired	yes	control		no	SRX2270659	SRR4453812	SAMN05945230	RNA-Seq	cDNA	TRANSCRIPTOMIC	SINGLE	ION_TORRENT	Ion Torrent Proton	10249507	1188860729	115	886	adenomatous prostate tissue, BPH patient	68	9.6	not applicable	not applicable	not applicable	no	Russian	
GSM2361309	BP3	B3	prostate cancer	tumorous prostate tissue	pca_tumor	paired	yes	tumor		yes	SRX2270660	SRR4453813	SAMN05945229	RNA-Seq	cDNA	TRANSCRIPTOMIC	SINGLE	ION_TORRENT	Ion Torrent Proton	7514251	773711259	102	572	tumorous prostate tissue, PCa patient	64	17	7	4	3	no	Russian	B-prefix but GEO diagnosis=prostate cancer; paper confirms record correction
GSM2361310	BN3	B3	prostate cancer	normal prostate tissue	pca_adjacent_normal	paired	yes	control		yes	SRX2270661	SRR4453814	SAMN05945228	RNA-Seq	cDNA	TRANSCRIPTOMIC	SINGLE	ION_TORRENT	Ion Torrent Proton	7940368	817123991	102	607	normal prostate tissue, PCa patient	64	17	7	4	3	no	Russian	B-prefix but GEO diagnosis=prostate cancer; paper confirms record correction